{
    "metadata":{
        "type":"Geometry",
        "generator":"io_three",
        "vertices":120,
        "version":3,
        "materials":1,
        "uvs":1,
        "faces":176,
        "normals":165
    },
    "uvs":[[0,0,0.101599,1.051,0.0396577,1.01058,-0.0172426,0.964563,-0.0684727,0.913457,-0.113475,0.857822,-0.151756,0.798266,-0.182896,0.735442,-0.206555,0.670039,-0.222473,0.602773,-0.230476,0.53438,-0.230475,0.465612,-0.222471,0.397219,-0.206552,0.329953,-0.182892,0.26455,-0.15175,0.201727,-0.113467,0.142171,-0.0684635,0.0865364,-0.0172316,0.0354315,0.0396661,-0.0105839,0.101607,-0.0510054,0.167912,-0.0853898,0.237856,-0.113361,0.310672,-0.134612,0.385562,-0.14891,0.461706,-0.1561,0.538269,-0.156101,0.614412,-0.148913,0.689302,-0.134617,0.762119,-0.113367,0.832064,-0.0853974,0.898373,-0.0510132,0.960316,-0.0105917,1.01722,0.0354231,1.06845,0.0865288,1.11345,0.142166,1.15174,0.201726,1.18288,0.264551,1.20654,0.329956,1.22246,0.397223,1.23047,0.465615,1.23047,0.534385,1.22246,0.602777,1.20654,0.670046,1.18288,0.735451,1.15174,0.798274,1.11346,0.857832,1.06845,0.913468,1.01722,0.964575,0.960315,1.01059,0.898371,1.05101,0.832064,1.0854,0.762117,1.11337,0.689298,1.13462,0.614408,1.14891,0.538265,1.1561,0.4617,1.1561,0.385556,1.14891,0.310665,1.13461,0.237849,1.11336,0.167905,1.08539]],
    "materials":[{
        "transparent":false,
        "mapDiffuseRepeat":[1,1],
        "depthTest":true,
        "depthWrite":true,
        "shading":"phong",
        "colorEmissive":[0,0,0],
        "specularCoef":50,
        "mapDiffuseWrap":["clamp","clamp"],
        "visible":true,
        "mapDiffuse":"forest.png",
        "colorDiffuse":[0.8,0.8,0.8],
        "blending":"NormalBlending",
        "colorSpecular":[0.5,0.5,0.5],
        "opacity":1,
        "DbgColor":15658734,
        "DbgIndex":0,
        "wireframe":false,
        "DbgName":"LogoMat",
        "mapDiffuseAnisotropy":1,
        "doubleSided":false
    }],
    "faces":[43,0,1,3,2,0,0,0,0,0,0,0,0,0,43,2,3,5,4,0,0,0,0,0,1,1,1,1,43,4,5,7,6,0,0,0,0,0,2,2,2,2,43,6,7,9,8,0,0,0,0,0,3,3,3,3,43,8,9,11,10,0,0,0,0,0,4,4,4,4,43,10,11,13,12,0,0,0,0,0,5,5,5,5,43,12,13,15,14,0,0,0,0,0,6,6,6,6,43,14,15,17,16,0,0,0,0,0,7,7,7,7,43,16,17,19,18,0,0,0,0,0,8,8,8,8,43,18,19,21,20,0,0,0,0,0,9,9,9,9,43,20,21,23,22,0,0,0,0,0,10,10,10,10,43,22,23,25,24,0,0,0,0,0,11,11,11,11,43,24,25,27,26,0,0,0,0,0,12,12,12,12,43,26,27,29,28,0,0,0,0,0,13,13,13,13,43,28,29,31,30,0,0,0,0,0,14,14,14,14,43,30,31,33,32,0,0,0,0,0,15,15,15,15,43,32,33,35,34,0,0,0,0,0,16,16,16,16,43,34,35,37,36,0,0,0,0,0,17,17,17,17,43,36,37,39,38,0,0,0,0,0,18,18,18,18,43,38,39,41,40,0,0,0,0,0,19,19,19,19,43,40,41,43,42,0,0,0,0,0,20,20,20,20,43,42,43,45,44,0,0,0,0,0,21,21,21,21,43,44,45,47,46,0,0,0,0,0,22,22,22,22,43,46,47,49,48,0,0,0,0,0,23,23,23,23,43,48,49,51,50,0,0,0,0,0,24,24,24,24,43,50,51,53,52,0,0,0,0,0,25,25,25,25,43,52,53,55,54,0,0,0,0,0,26,26,26,26,43,54,55,57,56,0,0,0,0,0,27,27,27,27,43,56,57,59,58,0,0,0,0,0,28,28,28,28,43,58,59,61,60,0,0,0,0,0,29,29,29,29,43,60,61,63,62,0,0,0,0,0,30,30,30,30,43,62,63,65,64,0,0,0,0,0,31,31,31,31,43,64,65,67,66,0,0,0,0,0,32,32,32,32,43,66,67,69,68,0,0,0,0,0,33,33,33,33,43,68,69,71,70,0,0,0,0,0,34,34,34,34,43,70,71,73,72,0,0,0,0,0,35,35,35,35,43,72,73,75,74,0,0,0,0,0,36,36,36,36,43,74,75,77,76,0,0,0,0,0,37,37,37,37,43,76,77,79,78,0,0,0,0,0,38,38,38,38,43,78,79,81,80,0,0,0,0,0,39,39,39,39,43,80,81,83,82,0,0,0,0,0,40,40,40,40,43,82,83,85,84,0,0,0,0,0,41,41,41,41,43,84,85,87,86,0,0,0,0,0,42,42,42,42,43,86,87,89,88,0,0,0,0,0,43,43,43,43,43,88,89,91,90,0,0,0,0,0,44,44,44,44,43,90,91,93,92,0,0,0,0,0,45,45,45,45,43,92,93,95,94,0,0,0,0,0,46,46,46,46,43,94,95,97,96,0,0,0,0,0,47,47,47,47,43,96,97,99,98,0,0,0,0,0,48,48,48,48,43,98,99,101,100,0,0,0,0,0,49,49,49,49,43,100,101,103,102,0,0,0,0,0,50,50,50,50,43,102,103,105,104,0,0,0,0,0,51,51,51,51,43,104,105,107,106,0,0,0,0,0,52,52,52,52,43,106,107,109,108,0,0,0,0,0,53,53,53,53,43,108,109,111,110,0,0,0,0,0,54,54,54,54,43,110,111,113,112,0,0,0,0,0,55,55,55,55,43,112,113,115,114,0,0,0,0,0,56,56,56,56,43,114,115,117,116,0,0,0,0,0,57,57,57,57,42,5,3,1,0,60,1,2,58,58,58,42,1,119,117,0,2,3,4,59,59,59,42,117,115,113,0,4,5,6,60,60,60,42,113,111,109,0,6,7,8,58,58,58,42,109,107,105,0,8,9,10,61,61,61,42,105,103,101,0,10,11,12,62,62,62,42,101,99,97,0,12,13,14,63,63,63,42,97,95,93,0,14,15,16,64,64,64,42,93,91,89,0,16,17,18,65,65,65,42,89,87,85,0,18,19,20,66,66,66,42,85,83,81,0,20,21,22,67,67,67,42,81,79,77,0,22,23,24,68,68,68,42,77,75,73,0,24,25,26,69,69,69,42,73,71,69,0,26,27,28,58,58,58,42,69,67,65,0,28,29,30,70,70,70,42,65,63,61,0,30,31,32,58,58,58,42,61,59,57,0,32,33,34,58,58,58,42,57,55,53,0,34,35,36,71,71,71,42,53,51,49,0,36,37,38,58,58,58,42,49,47,45,0,38,39,40,72,72,72,42,45,43,41,0,40,41,42,73,73,73,42,41,39,37,0,42,43,44,74,74,74,42,37,35,33,0,44,45,46,75,75,75,42,33,31,29,0,46,47,48,76,76,76,42,29,27,25,0,48,49,50,77,77,77,42,25,23,21,0,50,51,52,78,78,78,42,21,19,17,0,52,53,54,79,79,79,42,17,15,13,0,54,55,56,80,80,80,42,13,11,9,0,56,57,58,58,58,58,42,9,7,5,0,58,59,60,81,81,81,42,5,1,117,0,60,2,4,82,82,82,42,117,113,109,0,4,6,8,83,83,83,42,109,105,101,0,8,10,12,84,84,84,42,101,97,93,0,12,14,16,85,85,85,42,93,89,85,0,16,18,20,86,86,86,42,85,81,77,0,20,22,24,87,87,87,42,77,73,69,0,24,26,28,88,88,88,42,69,65,61,0,28,30,32,89,89,89,42,61,57,53,0,32,34,36,90,90,90,42,53,49,45,0,36,38,40,91,91,91,42,45,41,37,0,40,42,44,92,92,92,42,37,33,29,0,44,46,48,93,93,93,42,29,25,21,0,48,50,52,94,94,94,42,21,17,13,0,52,54,56,95,95,95,42,13,9,5,0,56,58,60,96,96,96,42,5,117,109,0,60,4,8,97,97,97,42,109,101,93,0,8,12,16,98,98,98,42,93,85,77,0,16,20,24,99,99,99,42,77,69,61,0,24,28,32,100,100,100,42,61,53,45,0,32,36,40,101,101,101,42,45,37,29,0,40,44,48,102,102,102,42,29,21,13,0,48,52,56,103,103,103,42,13,5,109,0,56,60,8,104,104,104,42,109,93,77,0,8,16,24,105,105,105,42,77,61,45,0,24,32,40,106,106,106,42,45,29,13,0,40,48,56,107,107,107,42,13,109,77,0,56,8,24,108,108,108,42,77,45,13,0,24,40,56,109,109,109,43,116,117,119,118,0,0,0,0,0,110,110,110,110,43,1,0,118,119,0,0,0,0,0,111,111,111,111,42,118,0,2,0,0,0,0,112,112,112,42,2,4,6,0,0,0,0,113,113,113,42,6,8,10,0,0,0,0,114,114,114,42,10,12,14,0,0,0,0,115,115,115,42,14,16,18,0,0,0,0,116,116,116,42,18,20,22,0,0,0,0,117,117,117,42,22,24,26,0,0,0,0,118,118,118,42,26,28,30,0,0,0,0,119,119,119,42,30,32,34,0,0,0,0,120,120,120,42,34,36,38,0,0,0,0,121,121,121,42,38,40,42,0,0,0,0,122,122,122,42,42,44,46,0,0,0,0,123,123,123,42,46,48,50,0,0,0,0,124,124,124,42,50,52,54,0,0,0,0,125,125,125,42,54,56,58,0,0,0,0,113,113,113,42,58,60,62,0,0,0,0,113,113,113,42,62,64,66,0,0,0,0,113,113,113,42,66,68,70,0,0,0,0,126,126,126,42,70,72,74,0,0,0,0,127,127,127,42,74,76,78,0,0,0,0,128,128,128,42,78,80,82,0,0,0,0,129,129,129,42,82,84,86,0,0,0,0,130,130,130,42,86,88,90,0,0,0,0,131,131,131,42,90,92,94,0,0,0,0,132,132,132,42,94,96,98,0,0,0,0,133,133,133,42,98,100,102,0,0,0,0,134,134,134,42,102,104,106,0,0,0,0,135,135,135,42,106,108,110,0,0,0,0,136,136,136,42,110,112,114,0,0,0,0,137,137,137,42,114,116,118,0,0,0,0,113,113,113,42,118,2,6,0,0,0,0,138,138,138,42,6,10,14,0,0,0,0,139,139,139,42,14,18,22,0,0,0,0,140,140,140,42,22,26,30,0,0,0,0,141,141,141,42,30,34,38,0,0,0,0,142,142,142,42,38,42,46,0,0,0,0,143,143,143,42,46,50,54,0,0,0,0,144,144,144,42,54,58,62,0,0,0,0,113,113,113,42,62,66,70,0,0,0,0,145,145,145,42,70,74,78,0,0,0,0,146,146,146,42,78,82,86,0,0,0,0,147,147,147,42,86,90,94,0,0,0,0,148,148,148,42,94,98,102,0,0,0,0,149,149,149,42,102,106,110,0,0,0,0,150,150,150,42,110,114,118,0,0,0,0,151,151,151,42,118,6,14,0,0,0,0,152,152,152,42,14,22,30,0,0,0,0,153,153,153,42,30,38,46,0,0,0,0,154,154,154,42,46,54,62,0,0,0,0,155,155,155,42,62,70,78,0,0,0,0,156,156,156,42,78,86,94,0,0,0,0,157,157,157,42,94,102,110,0,0,0,0,158,158,158,42,110,118,14,0,0,0,0,159,159,159,42,14,30,46,0,0,0,0,160,160,160,42,46,62,78,0,0,0,0,161,161,161,42,78,94,110,0,0,0,0,162,162,162,42,110,14,46,0,0,0,0,163,163,163,42,46,78,110,0,0,0,0,164,164,164],